,annual_cost_gbp,mean_hourly_cost_gbp,equivalent_full_cycles,battery_throughput_kwh,co2_avoided_kg,capacity_fade_pct,batt_deg_cost_gbp,pv_deg_cost_gbp
Baseline,1029.5308159468555,0.11752634885238077,291.95087365752875,1459.7543682876437,370.65890614070184,0.00556089538372646,0.19463133843042613,11.200330003917147
Batt-Aware,1032.8279533372374,0.11790273439922802,238.82240460116472,1194.1120230058236,327.503394220518,0.0044548412092030604,0.1559194423221071,11.200330003917147
Batt+PV-Aware,1057.0266196212456,0.12066513922616959,207.96957168039316,1039.8478584019658,305.44072799515163,0.003955485691898497,0.13844199921644737,11.200330003917147
